{
	"entity.skeleton.shoot": {
		"category": "ambient",
		"replace": true,
		"sounds": [
			{
			"name":"immersive:random/bow",
			"weight": 100,
			"volume": 1.5
			}
    ]
  },
	"entity.arrow.shoot": {
		"category": "ambient",
		"replace": true,
		"sounds": [
			{
			"name":"immersive:random/bow",
			"weight": 100,
			"volume": 1.5
			}
    ]
  },
  	"weather.rain": {
		"category": "weather",
		"replace": true,
		"sounds": [
			{
			"name":"minecraft:ambient/weather/rain1",
			"volume": 0.2
			},
			{
			"name":"minecraft:ambient/weather/rain2",
			"volume": 0.2
			},
			{
			"name":"minecraft:ambient/weather/rain3",
			"volume": 0.2
			},
			{
			"name":"minecraft:ambient/weather/rain4",
			"volume": 0.2
			}
    ]
  },
    	"weather.rain.above": {
		"category": "weather",
		"replace": true,
		"sounds": [
			{
			"name":"minecraft:ambient/weather/rain1",
			"volume": 0.2
			},
			{
			"name":"minecraft:ambient/weather/rain2",
			"volume": 0.2
			},
			{
			"name":"minecraft:ambient/weather/rain3",
			"volume": 0.2
			},
			{
			"name":"minecraft:ambient/weather/rain4",
			"volume": 0.2
			}
    ]
  },
  		"music.game": {
		"replace": true,
		"sounds": [
			{
			"name": "immersive:silence"
			}
	]
  },
  		"music.creative": {
		"replace": true,
		"sounds": [
			{
			"name": "immersive:silence"
			}
	]
  },
  		"music.under_water": {
		"replace": true,
		"sounds": [
			{
			"name": "immersive:silence"
			}
	]
  },
  		"music.nether": {
		"replace": true,
		"sounds": [
			{
			"name": "immersive:silence"
			}
	]
  },
  		"music.nether.nether_wastes": {
		"replace": true,
		"sounds": [
			{
			"name": "immersive:silence"
			}
	]
  },
  		"music.nether.basalt_deltas": {
		"replace": true,
		"sounds": [
			{
			"name": "immersive:silence"
			}
	]
  },
  		"music.nether.soul_sand_valley": {
		"replace": true,
		"sounds": [
			{
			"name": "immersive:silence"
			}
	]
  },
  		"music.nether.crimson_forest": {
		"replace": true,
		"sounds": [
			{
			"name": "immersive:silence"
			}
	]
  },
  		"music.nether.warped_forest": {
		"replace": true,
		"sounds": [
			{
			"name": "immersive:silence"
			}
	]
  },
  		"music.end": {
		"replace": true,
		"sounds": [
			{
			"name": "immersive:silence"
			}
	]
  },
  		"music.dragon": {
		"replace": true,
		"sounds": [
			{
			"name": "immersive:silence"
			}
	]
  },
  "soundtrack.game": {
    "sounds": [
      {
        "name": "music/game/calm1",
        "stream": true
      },
      {
        "name": "music/game/calm2",
        "stream": true
      },
      {
        "name": "music/game/calm3",
        "stream": true
      },
      {
        "name": "music/game/hal1",
        "stream": true
      },
      {
        "name": "music/game/hal2",
        "stream": true
      },
      {
        "name": "music/game/hal3",
        "stream": true
      },
      {
        "name": "music/game/hal4",
        "stream": true
      },
      {
        "name": "music/game/nuance1",
        "stream": true
      },
      {
        "name": "music/game/nuance2",
        "stream": true
      },
      {
        "name": "music/game/piano1",
        "stream": true
      },
      {
        "name": "music/game/piano2",
        "stream": true
      },
      {
        "name": "music/game/piano3",
        "stream": true
      }
    ]
  },
  "soundtrack.creative": {
    "sounds": [
      {
        "name": "music.game",
        "type": "event"
      },
      {
        "name": "music/game/creative/creative1",
        "stream": true
      },
      {
        "name": "music/game/creative/creative2",
        "stream": true
      },
      {
        "name": "music/game/creative/creative3",
        "stream": true
      },
      {
        "name": "music/game/creative/creative4",
        "stream": true
      },
      {
        "name": "music/game/creative/creative5",
        "stream": true
      },
      {
        "name": "music/game/creative/creative6",
        "stream": true
      }
    ]
  },
  "soundtrack.under_water": {
    "sounds": [
      {
        "name": "music/game/water/shuniji",
        "stream": true,
        "volume": 0.4
      },
      {
        "name": "music/game/water/dragon_fish",
        "stream": true,
        "volume": 0.4
      },
      {
        "name": "music/game/water/axolotl",
        "stream": true,
        "volume": 0.4
      }
    ]
  },
  "soundtrack.nether": {
    "sounds": [
      {
        "name": "music/game/nether/nether1",
        "stream": true,
        "weight": 1
      },
      {
        "name": "music/game/nether/nether2",
        "stream": true,
        "weight": 1
      },
      {
        "name": "music/game/nether/nether3",
        "stream": true,
        "weight": 1
      },
      {
        "name": "music/game/nether/nether4",
        "stream": true,
        "weight": 1
      }
    ]
  },
  "soundtrack.nether.basalt_deltas": {
    "sounds": [
      {
        "name": "music/game/nether/soulsand_valley/so_below",
        "stream": true,
        "volume": 0.5,
        "weight": 7
      },
      {
        "name": "music/game/nether/nether1",
        "stream": true,
        "weight": 1
      },
      {
        "name": "music/game/nether/nether2",
        "stream": true,
        "weight": 1
      },
      {
        "name": "music/game/nether/nether3",
        "stream": true,
        "weight": 1
      },
      {
        "name": "music/game/nether/nether4",
        "stream": true,
        "weight": 1
      }
    ]
  },
  "soundtrack.nether.nether_wastes": {
    "sounds": [
      {
        "name": "music/game/nether/nether_wastes/rubedo",
        "stream": true,
        "volume": 0.5,
        "weight": 6
      },
      {
        "name": "music/game/nether/nether1",
        "stream": true,
        "weight": 1
      },
      {
        "name": "music/game/nether/nether2",
        "stream": true,
        "weight": 1
      },
      {
        "name": "music/game/nether/nether3",
        "stream": true,
        "weight": 1
      },
      {
        "name": "music/game/nether/nether4",
        "stream": true,
        "weight": 1
      }
    ]
  },
  "soundtrack.nether.soul_sand_valley": {
    "sounds": [
      {
        "name": "music/game/nether/soulsand_valley/so_below",
        "stream": true,
        "volume": 0.5,
        "weight": 7
      },
      {
        "name": "music/game/nether/nether1",
        "stream": true,
        "weight": 1
      },
      {
        "name": "music/game/nether/nether2",
        "stream": true,
        "weight": 1
      },
      {
        "name": "music/game/nether/nether3",
        "stream": true,
        "weight": 1
      },
      {
        "name": "music/game/nether/nether4",
        "stream": true,
        "weight": 1
      }
    ]
  },
  "soundtrack.nether.crimson_forest": {
    "sounds": [
      {
        "name": "music/game/nether/crimson_forest/chrysopoeia",
        "stream": true,
        "volume": 0.5,
        "weight": 7
      },
      {
        "name": "music/game/nether/nether1",
        "stream": true,
        "weight": 1
      },
      {
        "name": "music/game/nether/nether2",
        "stream": true,
        "weight": 1
      },
      {
        "name": "music/game/nether/nether3",
        "stream": true,
        "weight": 1
      },
      {
        "name": "music/game/nether/nether4",
        "stream": true,
        "weight": 1
      }
    ]
  },
  "soundtrack.nether.warped_forest": {
    "sounds": []
  },
  "soundtrack.end": {
    "sounds": [
      {
        "name": "music/game/end/end",
        "stream": true
      }
    ]
  },
  "soundtrack.dragon": {
    "sounds": [
      {
        "name": "music/game/end/boss",
        "stream": true
      }
    ]
  }
}