{
	"entity.player.jump": {
		"category": "ambient",
		"sounds": [
			"immersive:entity/player/jump1",
			"immersive:entity/player/jump2",
			"immersive:entity/player/jump3",
			{
			"name":"immersive:entity/player/jump1",
			"volume": 0.6
			},
			{
			"name":"immersive:entity/player/jump2",
			"volume": 0.6
			},
			{
			"name":"immersive:entity/player/jump3",
			"volume": 0.6
			}
    ]
  },
	"entity.player.attack.metal_tools": {
		"category": "ambient",
		"sounds": [
			{
			"name":"immersive:entity/player/metal_tools",
			"pitch": 1.0
			},
			{
			"name":"immersive:entity/player/metal_tools",
			"pitch": 0.9
			},
			{
			"name":"immersive:entity/player/metal_tools",
			"pitch": 0.8
			},
			{
			"name":"immersive:entity/player/metal_tools",
			"pitch": 1.1
			}
    ]
  },
  "entity.player.attack.wooden_tools": {
	"category": "ambient",
	"sounds": [
		"immersive:entity/player/wooden_tools1",
		"immersive:entity/player/wooden_tools2",
		"immersive:entity/player/wooden_tools3",
		{
		"name":"immersive:entity/player/wooden_tools1",
		"pitch": 0.8
		},
		{
			"name":"immersive:entity/player/wooden_tools2",
			"pitch": 0.8
		}
	]
  },
  "entity.player.attack.wooden_sword": {
	"category": "ambient",
	"sounds": [
		"immersive:entity/player/wooden_sword1",
		"immersive:entity/player/wooden_sword2",
		"immersive:entity/player/wooden_sword3"
	]
  },
	"entity.player.attack.metal_sword": {
		"category": "ambient",
		"sounds": [
			"immersive:entity/player/metal_sword1",
			"immersive:entity/player/metal_sword2",
			"immersive:entity/player/metal_sword3",
			"immersive:entity/player/metal_sword4",
			"immersive:entity/player/metal_sword5"
    ]
  },
	"ambient.surface.forest.day_loop": {
		"category": "ambient",
		"sounds": [
			"immersive:ambient/surface/forest/day_loop1",
			"immersive:ambient/surface/forest/day_loop2",
			"immersive:ambient/surface/forest/day_loop3"
    ]
  },
	"ambient.surface.forest.day_fadeout": {
		"category": "ambient",
		"sounds": [
			{
			"name":"immersive:ambient/surface/forest/day_fadeout1"
			},
			{
			"name":"immersive:ambient/surface/forest/day_fadeout2",
			"volume": 1.25
			}
    ]
  },
	"ambient.surface.forest.day_addition": {
		"category": "ambient",
		"sounds": [
			{
			"name":"immersive:ambient/surface/forest/day_addition1",
			"volume": 0.7,
			"weight": 2
			},
			{
			"name":"immersive:ambient/surface/forest/day_addition2",
			"volume": 0.7,
			"weight": 2
			},
			"immersive:ambient/surface/forest/day_addition3",
			{
			"name":"immersive:ambient/surface/forest/day_addition3",
			"pitch": 0.95,
			"volume": 1.5
			},
			"immersive:ambient/surface/forest/day_addition4",
			{
			"name":"immersive:ambient/surface/forest/day_addition3",
			"pitch": 0.8,
			"volume": 1.2
			},
			"immersive:ambient/surface/forest/day_addition5",
			"immersive:ambient/surface/forest/day_addition6",
			"immersive:ambient/surface/forest/day_addition7",
			"immersive:ambient/surface/forest/day_addition8",
			"immersive:ambient/surface/forest/day_addition9"
    ]
  },  
	"ambient.surface.forest.night_loop": {
		"category": "ambient",
		"sounds": [
			"immersive:ambient/surface/forest/night_loop1",
			"immersive:ambient/surface/forest/night_loop2",
			"immersive:ambient/surface/forest/night_loop3"
    ]
  },
	"ambient.surface.forest.night_fadeout": {
		"category": "ambient",
		"sounds": [
			"immersive:ambient/surface/forest/night_fadeout1",
			"immersive:ambient/surface/forest/night_fadeout2"
    ]
  },
	"ambient.surface.forest.night_addition": {
		"category": "ambient",
		"sounds": [
			"immersive:ambient/surface/forest/night_addition1",
			"immersive:ambient/surface/forest/night_addition2",
			"immersive:ambient/surface/forest/night_addition3",
			{
			"name":"immersive:ambient/surface/forest/night_addition4",
			"pitch": 0.9,
			"volume": 0.3
			},
			{
			"name":"immersive:ambient/surface/forest/night_addition4",
			"volume": 0.2
			},
			{
			"name":"immersive:ambient/surface/forest/night_addition5",
			"pitch": 0.9,
			"volume": 0.15
			},
			{
			"name":"immersive:ambient/surface/forest/night_addition5",
			"volume": 0.2
			}
			
    ]
  },
  "ambient.surface.swamp.day_loop": {
	"category": "ambient",
	"sounds": [
		"immersive:ambient/surface/swamp/day_loop1",
		"immersive:ambient/surface/swamp/day_loop2",
		"immersive:ambient/surface/swamp/day_loop3"
]
},
"ambient.surface.swamp.day_fadeout": {
	"category": "ambient",
	"sounds": [
		"immersive:ambient/surface/swamp/day_fadeout1",
		"immersive:ambient/surface/swamp/day_fadeout2"
]
},
"ambient.surface.swamp.night_loop": {
	"category": "ambient",
	"sounds": [
		"immersive:ambient/surface/swamp/night_loop1",
		"immersive:ambient/surface/swamp/night_loop2",
		"immersive:ambient/surface/swamp/night_loop3"
]
},
"ambient.surface.swamp.night_fadeout": {
	"category": "ambient",
	"sounds": [
		"immersive:ambient/surface/swamp/night_fadeout1",
		"immersive:ambient/surface/swamp/night_fadeout2"
]
},
"ambient.surface.swamp.addition": {
	"category": "ambient",
	"sounds": [
		{
			"name":"immersive:ambient/surface/swamp/additions1",
			"volume": 0.5
		},
		{
			"name":"immersive:ambient/surface/swamp/additions2",
			"volume": 0.5
		},
		{
			"name":"immersive:ambient/surface/swamp/additions3",
			"volume": 0.5
		},
		{
			"name":"immersive:ambient/surface/swamp/additions4",
			"volume": 0.5
		}
]
},
	"ambient.surface.desert.day_loop": {
		"category": "ambient",
		"sounds": [
			"immersive:ambient/surface/desert/day_loop1",
			"immersive:ambient/surface/desert/day_loop2",
			"immersive:ambient/surface/desert/day_loop3",
			"immersive:ambient/surface/desert/day_loop4",
			"immersive:ambient/surface/desert/day_loop5",
			"immersive:ambient/surface/desert/day_loop6"
    ]
  },
	"ambient.surface.desert.day_loop_fadeout": {
		"category": "ambient",
		"sounds": [
			"immersive:ambient/surface/desert/day_loop_fadeout1",
			"immersive:ambient/surface/desert/day_loop_fadeout2",
			"immersive:ambient/surface/desert/day_loop_fadeout3"
    ]
  },
	"ambient.surface.desert.night_loop": {
		"category": "ambient",
		"sounds": [
			"immersive:ambient/surface/desert/night_loop1",
			"immersive:ambient/surface/desert/night_loop2",
			"immersive:ambient/surface/desert/night_loop3",
			"immersive:ambient/surface/desert/night_loop4",
			"immersive:ambient/surface/desert/night_loop5",
			"immersive:ambient/surface/desert/night_loop6"
    ]
  },
	"ambient.surface.desert.night_loop_fadeout": {
		"category": "ambient",
		"sounds": [
			"immersive:ambient/surface/desert/night_loop_fadeout1",
			"immersive:ambient/surface/desert/night_loop_fadeout2",
			"immersive:ambient/surface/desert/night_loop_fadeout3"
    ]
  },
  "ambient.surface.weather.snowy": {
		"category": "ambient",
		"sounds": [
			"immersive:ambient/surface/weather/snowy1",
			"immersive:ambient/surface/weather/snowy2",
			"immersive:ambient/surface/weather/snowy3"
    ]
  },
  "ambient.surface.weather.snowy_fadeout": {
		"category": "ambient",
		"sounds": [
			"immersive:ambient/surface/weather/snowy_fadeout1",
			"immersive:ambient/surface/weather/snowy_fadeout2"
    ]
  },
	"ambient.nether.loop": {
		"category": "ambient",
		"sounds": [
			"immersive:ambient/nether/nether_loop1",
			"immersive:ambient/nether/nether_loop2",
			"immersive:ambient/nether/nether_loop3",
			"immersive:ambient/nether/nether_loop4",
			"immersive:ambient/nether/nether_loop5"
    ]
  },
	"ambient.caves.loop": {
		"category": "ambient",
		"sounds": [
			"immersive:ambient/caves/cave_loop1",
			"immersive:ambient/caves/cave_loop2",
			"immersive:ambient/caves/cave_loop3",
			"immersive:ambient/caves/cave_loop4",
			"immersive:ambient/caves/cave_loop5",
			"immersive:ambient/caves/cave_loop6"
    ]
  },
	"ambient.caves.loop_fadeout": {
		"category": "ambient",
		"sounds": [
			"immersive:ambient/caves/cave_loop_fadeout1",
			"immersive:ambient/caves/cave_loop_fadeout2",
			"immersive:ambient/caves/cave_loop_fadeout3",
			"immersive:ambient/caves/cave_loop_fadeout4",
			"immersive:ambient/caves/cave_loop_fadeout5"
    ]
  },
	"ambient.caves.addition": {
		"category": "ambient",
		"sounds": [
			{
				"name":"immersive:ambient/caves/cave_addition1",
				"weight": 3
			},
			{
				"name":"immersive:ambient/caves/cave_addition2",
				"weight": 3
			},
			{
				"name":"immersive:ambient/caves/cave_addition3",
				"weight": 3
			},
			{
				"name":"immersive:ambient/caves/cave_addition4",
				"weight": 3
			},
			{
				"name":"immersive:ambient/caves/cave_addition5",
				"weight": 3
			},
			{
				"name":"immersive:ambient/caves/cave_addition6",
				"pitch": 0.95,
				"volume": 0.7
			},
			{
				"name":"immersive:ambient/caves/cave_addition6",
				"pitch": 0.8,
				"volume": 0.7
			},
			{
				"name":"immersive:ambient/caves/cave_addition6",
				"pitch": 0.7,
				"volume": 0.7
			}
    ]
  },
	"ambient.mineshaft.loop": {
		"category": "ambient",
		"sounds": [
			"immersive:ambient/mineshaft/mineshaft_loop1",
			"immersive:ambient/mineshaft/mineshaft_loop2",
			"immersive:ambient/mineshaft/mineshaft_loop3",
			"immersive:ambient/mineshaft/mineshaft_loop4",
			"immersive:ambient/mineshaft/mineshaft_loop5",
			"immersive:ambient/mineshaft/mineshaft_loop6"
    ]
  },
	"ambient.mineshaft.addition": {
		"category": "ambient",
		"sounds": [
			"immersive:ambient/mineshaft/mineshaft_addition1",
			"immersive:ambient/mineshaft/mineshaft_addition2",
			"immersive:ambient/mineshaft/mineshaft_addition3",
			"immersive:ambient/mineshaft/mineshaft_addition4",
			"immersive:ambient/mineshaft/mineshaft_addition5"
    ]
  },
	"ambient.mineshaft.loop_fadeout": {
		"category": "ambient",
		"sounds": [
			"immersive:ambient/mineshaft/mineshaft_loop_fadeout1",
			"immersive:ambient/mineshaft/mineshaft_loop_fadeout2",
			"immersive:ambient/mineshaft/mineshaft_loop_fadeout3"
    ]
  },
  	"ambient.surface.river.loop": {
		"category": "ambient",
		"sounds": [
			"immersive:ambient/surface/river/loop1",
			"immersive:ambient/surface/river/loop2"
    ]
  },
	"ambient.surface.river.fadeout": {
		"category": "ambient",
		"sounds": [
			"immersive:ambient/surface/river/fadeout1",
			"immersive:ambient/surface/river/fadeout2"
    ]
  },
  	"ambient.surface.wind.loop": {
		"category": "ambient",
		"sounds": [
			"immersive:ambient/surface/wind/loop1",
			"immersive:ambient/surface/wind/loop2"
    ]
  },
    	"ambient.surface.wind.fadeout": {
		"category": "ambient",
		"sounds": [
			"immersive:ambient/surface/wind/fadeout1",
			"immersive:ambient/surface/wind/fadeout2"
    ]
  },
      	"ambient.surface.sea.loop": {
		"category": "ambient",
		"sounds": [
			"immersive:ambient/surface/sea/loop1",
			"immersive:ambient/surface/sea/loop2",
			"immersive:ambient/surface/sea/loop3"
    ]
  },
      	"ambient.surface.sea.fadeout": {
		"category": "ambient",
		"sounds": [
			"immersive:ambient/surface/sea/fadeout1",
			"immersive:ambient/surface/sea/fadeout2"
    ]
  },
        "ambient.surface.beach.loop": {
		"category": "ambient",
		"sounds": [
			"immersive:ambient/surface/beach/loop1",
			"immersive:ambient/surface/beach/loop2",
			"immersive:ambient/surface/beach/loop3"
    ]
  },
      	"ambient.surface.beach.fadeout": {
		"category": "ambient",
		"sounds": [
			"immersive:ambient/surface/beach/fadeout1",
			"immersive:ambient/surface/beach/fadeout2"
    ]
  },
  		"soundtrack.ocean": {
		"category": "music",
		"sounds": [
			{
			"name":"immersive:soundtrack/ocean",
			"stream": true
			}
    ]
  },
  		"soundtrack.taiga": {
		"category": "music",
		"sounds": [
			{
			"name":"immersive:soundtrack/taiga",
			"stream": true
			}
    ]
  },
  		"soundtrack.jungle": {
		"category": "music",
		"sounds": [
			{
			"name":"immersive:soundtrack/jungle",
			"stream": true
			}
    ]
  },
    	"soundtrack.plains": {
		"category": "music",
		"sounds": [
			{
			"name":"immersive:soundtrack/plains",
			"stream": true
			}
    ]
  },
    	"soundtrack.desert": {
		"category": "music",
		"sounds": [
			{
			"name":"immersive:soundtrack/desert",
			"stream": true
			}
    ]
  },
    	"soundtrack.mesa": {
		"category": "music",
		"sounds": [
			{
			"name":"immersive:soundtrack/mesa",
			"stream": true
			}
    ]
  },
    	"soundtrack.savanna": {
		"category": "music",
		"sounds": [
			{
			"name":"immersive:soundtrack/savanna",
			"stream": true
			}
    ]
  },
    	"soundtrack.extreme_hills": {
		"category": "music",
		"sounds": [
			{
			"name":"immersive:soundtrack/extreme_hills",
			"stream": true
			}
    ]
  },
    	"soundtrack.swamp": {
		"category": "music",
		"sounds": [
			{
			"name":"immersive:soundtrack/swamp",
			"stream": true
			}
    ]
  }
}